INS00019228,47
INS00019229,47
INS00019230,47
INS00019231,47
INS00019232,47
INS00019233,47
INS00019234,47
INS00019235,47
INS00019236,47
INS00019237,47
INS00019238,47
INS00019239,47
INS00019240,47
INS00019241,47
INS00019242,47
INS00019243,47
INS00019244,47
INS00019245,47
INS00019246,47
INS00019247,47
INS00019248,47
INS00019249,47
INS00019250,47
INS00019251,47
INS00019252,47
INS00019253,47
INS00019254,47
INS00019255,47
INS00019256,47
INS00019257,47
INS00019258,47
INS00019259,47
INS00019260,47
INS00019261,47
INS00019262,47
INS00019263,47
INS00019264,47
INS00019265,47
INS00019266,47
INS00019267,47
INS00019268,47
INS00019269,47
INS00019270,47
INS00019271,47
INS00019272,47
INS00019273,47
INS00019274,47
INS00019275,47
INS00019276,47
INS00019277,47
INS00019278,47
INS00019279,47
INS00019280,47
INS00019281,47
INS00019282,47
INS00019283,47
INS00019284,47
INS00019285,47
INS00019286,47
INS00019287,47
INS00019288,47
INS00019289,47
INS00019290,47
INS00019291,47
INS00019292,47
INS00019293,47
INS00019294,47
INS00019295,47
INS00019296,47
INS00019297,47
INS00019298,47
INS00019299,47
INS00019300,47
INS00019301,47
INS00019302,47
INS00019303,47
INS00019304,47
INS00019305,47
INS00019306,47
INS00019307,47
INS00019308,47
INS00019309,47
INS00019310,47
INS00019311,47
INS00019312,47
INS00019313,47
INS00019314,47
INS00019315,47
INS00019316,47
INS00019317,47
INS00019318,47
INS00019319,47
INS00019320,47
INS00019321,47
INS00019322,47
INS00019323,47
INS00019324,47
INS00019325,47
INS00019326,47
INS00019327,47
INS00019328,47
INS00019329,47
INS00019330,47
INS00019331,47
INS00019332,47
INS00019333,47
INS00019334,47
INS00019335,47
INS00019336,47
INS00019337,47
INS00019338,47
INS00019339,47
INS00019340,47
INS00019341,47
INS00019342,47
INS00019343,47
INS00019344,47
INS00019345,47
INS00019346,47
INS00019347,47
INS00019348,47
INS00019349,47
INS00019350,47
INS00019351,47
INS00019352,47
INS00019353,47
INS00019354,47
INS00019355,47
INS00019356,47
INS00019357,47
INS00019358,47
INS00019359,47
INS00019360,47
INS00019361,47
INS00019362,47
INS00019363,47
INS00019364,47
INS00019365,47
INS00019366,47
INS00019367,47
INS00019368,47
INS00019369,47
INS00019370,47
INS00019371,47
INS00019372,47
INS00019373,47
INS00019374,47
INS00019375,47
INS00019376,47
INS00019377,47
INS00019378,47
INS00019379,47
INS00019380,47
INS00019381,47
INS00019382,47
INS00019383,47
INS00019384,47
INS00019385,47
INS00019386,47
INS00019387,47
INS00019388,47
INS00019389,47
INS00019390,47
INS00019391,47
INS00019392,47
INS00019393,47
INS00019394,47
INS00019395,47
INS00019396,47
INS00019397,47
INS00019398,47
INS00019399,47
INS00019400,47
INS00019401,47
INS00019402,47
INS00019403,47
INS00019404,47
INS00019405,47
INS00019406,47
INS00019407,47
INS00019408,47
INS00019409,47
INS00019410,47
INS00019411,47
INS00019412,47
INS00019413,47
INS00019414,47
INS00019415,47
INS00019416,47
INS00019417,47
INS00019418,47
INS00019419,47
INS00019420,47
INS00019421,47
INS00019422,47
INS00019423,47
INS00019424,47
INS00019425,47
INS00019426,47
INS00019427,47
INS00019428,47
INS00019429,47
INS00019430,47
INS00019431,47
INS00019432,47
INS00019433,47
INS00019434,47
INS00019435,47
INS00019436,47
INS00019437,47
INS00019438,47
INS00019439,47
INS00019440,47
INS00019441,47
INS00019442,47
INS00019443,47
INS00019444,47
INS00019445,47
INS00019446,47
INS00019447,47
INS00019448,47
INS00019449,47
INS00019450,47
INS00019451,47
INS00019452,47
INS00019453,47
INS00019454,47
INS00019455,47
INS00019456,47
INS00019457,47
INS00019458,47
INS00019459,47
INS00019460,47
INS00019461,47
INS00019462,47
INS00019463,47
INS00019464,47
INS00019465,47
INS00019466,47
INS00019467,47
INS00019468,47
INS00019469,47
INS00019470,47
INS00019471,47
INS00019472,47
INS00019473,47
INS00019474,47
INS00019475,47
INS00019476,47
INS00019477,47
INS00019478,47
INS00019479,47
INS00019480,47
INS00019481,47
INS00019482,47
INS00019483,47
INS00019484,47
INS00019485,47
INS00019486,47
INS00019487,47
INS00019488,47
INS00019489,47
INS00019490,47
INS00019491,47
INS00019492,47
INS00019493,47
INS00019494,47
INS00019495,47
INS00019496,47
INS00019497,47
INS00019498,47
INS00019499,47
INS00019500,47
INS00019501,47
INS00019502,47
INS00019503,47
INS00019504,47
INS00019505,47
INS00019506,47
INS00019507,47
INS00019508,47
INS00019509,47
INS00019510,47
INS00019511,47
INS00019512,47
INS00019513,47
INS00019514,47
INS00019515,47
INS00019516,47
INS00019517,47
INS00019518,47
INS00019519,47
INS00019520,47
INS00019521,47
INS00019522,47
INS00019523,47
INS00019524,47
INS00019525,47
INS00019526,47
INS00019527,47
INS00019528,47
INS00019529,47
INS00019530,47
INS00019531,47
INS00019532,47
INS00019533,47
INS00019534,47
INS00019535,47
INS00019536,47
INS00019537,47
INS00019538,47
INS00019539,47
INS00019540,47
INS00019541,47
INS00019542,47
INS00019543,47
INS00019544,47
INS00019545,47
INS00019546,47
INS00019547,47
INS00019548,47
INS00019549,47
INS00019550,47
INS00019551,47
INS00019552,47
INS00019553,47
INS00019554,47
INS00019555,47
INS00019556,47
INS00019557,47
INS00019558,47
INS00019559,47
INS00019560,47
INS00019561,47
INS00019562,47
INS00019563,47
INS00019564,47
INS00019565,47
INS00019566,47
INS00019567,47
INS00019568,47
INS00019569,47
INS00019570,47
INS00019571,47
INS00019572,47
INS00019573,47
INS00019574,47
INS00019575,47
INS00019576,47
INS00019577,47
INS00019578,47
INS00019579,47
INS00019580,47
INS00019581,47
INS00019582,47
INS00019583,47
INS00019584,47
INS00019585,47
INS00019586,47
INS00019587,47
INS00019588,47
INS00019589,47
INS00019590,47
INS00019591,47
INS00019592,47
INS00019593,47
INS00019594,47
INS00019595,47
INS00019596,47
INS00019597,47
INS00019598,47
INS00019599,47
INS00019600,47
INS00019601,47
INS00019602,47
INS00019603,47
INS00019604,47
INS00019605,47
INS00019606,47
INS00019607,47
INS00019608,47
INS00019609,47
INS00019610,47
INS00019611,47
INS00019612,47
INS00019613,47
INS00019614,47
INS00019615,47
INS00019616,47
INS00019617,47
INS00019618,47
INS00019619,47
INS00019620,47
INS00019621,47
INS00019622,47
INS00019623,47
INS00019624,47
INS00019625,47
INS00019626,47
INS00019627,47
INS00019628,47
INS00019629,47
INS00019630,47
INS00019631,47
INS00019632,47
INS00019633,47
INS00019634,47
INS00019635,47
INS00019636,47
INS00019637,47
INS00019638,47
INS00019639,47
INS00019640,47
INS00019641,47
INS00019642,47
INS00019643,47
INS00019644,47
INS00019645,47
INS00019646,47
INS00019647,47
INS00019648,47
INS00019649,47
INS00019650,47
INS00019651,47
INS00019652,47
INS00019653,47
INS00019654,47
INS00019655,47
INS00019656,47
INS00019657,47
INS00019658,47
INS00019659,47
INS00019660,47
INS00019661,47
INS00019662,47
INS00019663,47
INS00019664,47
INS00019665,47
INS00019666,47
INS00019667,47
INS00019668,47
INS00019669,47
INS00019670,47
INS00019671,47
INS00019672,47
INS00019673,47
INS00019674,47
INS00019675,47
INS00019676,47
INS00019677,47
INS00019678,47
INS00019679,47
INS00019680,47
INS00019681,47
INS00019682,47
INS00019683,47
INS00019684,47
INS00019685,47
INS00019686,47
INS00019687,47
INS00019688,47
INS00019689,47
INS00019690,47
INS00019691,47
INS00019692,47
INS00019693,47
INS00019694,47
INS00019695,47
INS00019696,47
INS00019697,47
INS00019698,47
INS00019699,47
INS00019700,47
INS00019701,47
INS00019702,47
INS00019703,47
INS00019704,47
INS00019705,47
INS00019706,47
INS00019707,47
INS00019708,47
INS00019709,47
INS00019710,47
INS00019711,47
INS00019712,47
INS00019713,47
INS00019714,47
INS00019715,47
INS00019716,47
INS00019717,47
INS00019718,47
INS00019719,47
INS00019720,47
INS00019721,47
INS00019722,47
INS00019723,47
INS00019724,47
INS00019725,47
INS00019726,47
INS00019727,47
INS00019728,47
INS00019729,47
INS00019730,47
INS00019731,47
INS00019732,47
INS00019733,47
INS00019734,47
INS00019735,47
INS00019736,47
INS00019737,47
INS00019738,47
INS00019739,47
INS00019740,47
INS00019741,47
INS00019742,47
INS00019743,47
INS00019744,47
INS00019745,47
INS00019746,47
INS00019747,47
INS00019748,47
INS00019749,47
INS00019750,47
INS00019751,47
INS00019752,47
INS00019753,47
INS00019754,47
INS00019755,47
INS00019756,47
INS00019757,47
INS00019758,47
INS00019759,47
INS00019760,47
INS00019761,47
INS00019762,47
INS00019763,47
INS00019764,47
INS00019765,47
INS00019766,47
INS00019767,47
INS00019768,47
INS00019769,47
INS00019770,47
INS00019771,47
INS00019772,47
INS00019773,47
INS00019774,47
INS00019775,47
INS00019776,47
INS00019777,47
INS00019778,47
INS00019779,47
INS00019780,47
INS00019781,47
INS00019782,47
INS00019783,47
INS00019784,47
INS00019785,47
INS00019786,47
INS00019787,47
INS00019788,47
INS00019789,47
INS00019790,47
INS00019791,47
INS00019792,47
INS00019793,47
INS00019794,47
INS00019795,47
INS00019796,47
INS00019797,47
INS00019798,47
INS00019799,47
INS00019800,47
INS00019801,47
INS00019802,47
INS00019803,47
INS00019804,47
INS00019805,47
INS00019806,47
INS00019807,47
INS00019808,47
INS00019809,47
INS00019810,47
INS00019811,47
INS00019812,47
INS00019813,47
INS00019814,47
INS00019815,47
INS00019816,47
INS00019817,47
INS00019818,47
INS00019819,47
INS00019820,47
INS00019821,47
INS00019822,47
INS00019823,47
INS00019824,47
INS00019825,47
INS00019826,47
INS00019827,47
INS00019828,47
INS00019829,47
INS00019830,47
INS00019831,47
INS00019832,47
INS00019833,47
INS00019834,47
INS00019835,47
INS00019836,47
INS00019837,47
INS00019838,47
INS00019839,47
INS00019840,47
INS00019841,47
INS00019842,47
INS00019843,47
INS00019844,47
INS00019845,47
INS00019846,47
INS00019847,47
INS00019848,47
INS00019849,47
INS00019850,47
INS00019851,47
INS00019852,47
INS00019853,47
INS00019854,47
INS00019855,47
INS00019856,47
INS00019857,47
INS00019858,47
INS00019859,47
INS00019860,47
INS00019861,47
INS00019862,47
INS00019863,47
INS00019864,47
INS00019865,47
INS00019866,47
INS00019867,47
INS00019868,47
INS00019869,47
INS00019870,47
INS00019871,47
INS00019872,47
INS00019873,47
INS00019874,47
INS00019875,47
INS00019876,47
INS00019877,47
INS00019878,47
INS00019879,47
INS00019880,47
INS00019881,47
INS00019882,47
INS00019883,47
INS00019884,47
INS00019885,47
INS00019886,47
INS00019887,47
INS00019888,47
INS00019889,47
INS00019890,47
INS00019891,47
INS00019892,47
INS00019893,47
INS00019894,47
INS00019895,47
INS00019896,47
INS00019897,47
INS00019898,47
INS00019899,47
INS00019900,47
INS00019901,47
INS00019902,47
INS00019903,47
INS00019904,47
INS00019905,47
INS00019906,47
INS00019907,47
INS00019908,47
INS00019909,47
INS00019910,47
INS00019911,47
INS00019912,47
INS00019913,47
INS00019914,47
INS00019915,47
INS00019916,47
INS00019917,47
INS00019918,47
INS00019919,47
INS00019920,47
INS00019921,47
INS00019922,47
INS00019923,47
INS00019924,47
INS00019925,47
INS00019926,47
INS00019927,47
INS00019928,47
INS00019929,47
INS00019930,47
INS00019931,47
INS00019932,47
INS00019933,47
INS00019934,47
INS00019935,47
INS00019936,47
INS00019937,47
INS00019938,47
INS00019939,47
INS00019940,47
INS00019941,47
INS00019942,47
INS00019943,47
INS00019944,47
INS00019945,47
INS00019946,47
INS00019947,47
INS00019948,47
INS00019949,47
INS00019950,47
INS00019951,47
INS00019952,47
INS00019953,47
INS00019954,47
INS00019955,47
INS00019956,47
INS00019957,47
INS00019958,47
INS00019959,47
INS00019960,47
INS00019961,47
INS00019962,47
INS00019963,47
INS00019964,47
INS00019965,47
INS00019966,47
INS00019967,47
INS00019968,47
INS00019969,47
INS00019970,47
INS00019971,47
INS00019972,47
INS00019973,47
INS00019974,47
INS00019975,47
INS00019976,47
INS00019977,47
INS00019978,47
INS00019979,47
INS00019980,47
INS00019981,47
INS00019982,47
INS00019983,47
INS00019984,47
INS00019985,47
INS00019986,47
INS00019987,47
INS00019988,47
INS00019989,47
INS00019990,47
INS00019991,47
INS00019992,47
INS00019993,47
INS00019994,47
INS00019995,47
INS00019996,47
INS00019997,47
INS00019998,47
INS00019999,47
INS00020000,47
INS00020001,47
INS00020002,47
INS00020003,47
INS00020004,47
INS00020005,47
INS00020006,47
INS00020007,47
INS00020008,47
INS00020009,47
INS00020010,47
INS00020011,47
INS00020012,47
INS00020013,47
INS00020014,47
INS00020015,47
INS00020016,47
INS00020017,47
INS00020018,47
INS00020019,47
INS00020020,47
INS00020021,47
INS00020022,47
INS00020023,47
INS00020024,47
INS00020025,47
INS00020026,47
INS00020027,47
INS00020028,47
INS00020029,47
INS00020030,47
INS00020031,47
INS00020032,47
INS00020033,47
INS00020034,47
INS00020035,47
INS00020036,47
INS00020037,47
INS00020038,47
INS00020039,47
INS00020040,47
INS00020041,47
INS00020042,47
INS00020043,47
INS00020044,47
INS00020045,47
INS00020046,47
INS00020047,47
INS00020048,47
INS00020049,47
INS00020050,47
INS00020051,47
INS00020052,47
INS00020053,47
INS00020054,47
INS00020055,47
INS00020056,47
INS00020057,47
INS00020058,47
INS00020059,47
INS00020060,47
INS00020061,47
INS00020062,47
INS00020063,47
INS00020064,47
INS00020065,47
INS00020066,47
INS00020067,47
INS00020068,47
INS00020069,47
INS00020070,47
INS00020071,47
INS00020072,47
INS00020073,47
INS00020074,47
INS00020075,47
INS00020076,47
INS00020077,47
INS00020078,47
INS00020079,47
INS00020080,47
INS00020081,47
INS00020082,47
INS00020083,47
INS00020084,47
INS00020085,47
INS00020086,47
INS00020087,47
INS00020088,47
INS00020089,47
INS00020090,47
INS00020091,47
INS00020092,47
INS00020093,47
INS00020094,47
INS00020095,47
INS00020096,47
INS00020097,47
INS00020098,47
INS00020099,47
INS00020100,47
INS00020101,47
INS00020102,47
INS00020103,47
INS00020104,47
INS00020105,47
INS00020106,47
INS00020107,47
INS00020108,47
INS00020109,47
INS00020110,47
INS00020111,47
INS00020112,47
INS00020113,47
INS00020114,47
INS00020115,47
INS00020116,47
INS00020117,47
INS00020118,47
INS00020119,47
INS00020120,47
INS00020121,47
INS00020122,47
INS00020123,47
INS00020124,47
INS00020125,47
INS00020126,47
INS00020127,47
INS00020128,47
INS00020129,47
INS00020130,47
INS00020131,47
INS00020132,47
INS00020133,47
INS00020134,47
INS00020135,47
INS00020136,47
INS00020137,47
INS00020138,47
INS00020139,47
INS00020140,47
INS00020141,47
INS00020142,47
INS00020143,47
INS00020144,47
INS00020145,47
INS00020146,47
INS00020147,47
INS00020148,47
INS00020149,47
INS00020150,47
INS00020151,47
INS00020152,47
INS00020153,47
INS00020154,47
INS00020155,47
INS00020156,47
INS00020157,47
INS00020158,47
INS00020159,47
INS00020160,47
INS00020161,47
INS00020162,47
INS00020163,47
INS00020164,47
INS00020165,47
INS00020166,47
INS00020167,47
INS00020168,47
INS00020169,47
INS00020170,47
INS00020171,47
INS00020172,47
INS00020173,47
INS00020174,47
INS00020175,47
INS00020176,47
INS00020177,47
INS00020178,47
INS00020179,47
INS00020180,47
INS00020181,47
INS00020182,47
INS00020183,47
INS00020184,47
INS00020185,47
INS00020186,47
INS00020187,47
INS00020188,47
INS00020189,47
INS00020190,47
INS00020191,47
INS00020192,47
INS00020193,47
INS00020194,47
INS00020195,47
INS00020196,47
INS00020197,47
INS00020198,47
INS00020199,47
INS00020200,47
INS00020201,47
INS00020202,47
INS00020203,47
INS00020204,47
INS00020205,47
INS00020206,47
INS00020207,47
INS00020208,47
INS00020209,47
INS00020210,47
INS00020211,47
INS00020212,47
INS00020213,47
INS00020214,47
INS00020215,47
INS00020216,47
INS00020217,47
INS00020218,47
INS00020219,47
INS00020220,47
INS00020221,47
INS00020222,47
INS00020223,47
INS00020224,47
INS00020225,47
INS00020226,47
INS00020227,47
INS00020228,47
INS00020229,47
INS00020230,47
INS00020231,47
INS00020232,47
INS00020233,47
INS00020234,47
INS00020235,47
INS00020236,47
INS00020237,47
INS00020238,47
INS00020239,47
INS00020240,47
INS00020241,47
INS00020242,47
INS00020243,47
INS00020244,47
INS00020245,47
INS00020246,47
INS00020247,47
INS00020248,47
INS00020249,47
INS00020250,47
INS00020251,47
INS00020252,47
INS00020253,47
INS00020254,47
INS00020255,47
INS00020256,47
INS00020257,47
INS00020258,47
INS00020259,47
INS00020260,47
INS00020261,98
INS00020262,98
INS00020263,99
INS00020264,99
INS00020265,99
INS00020266,99
INS00020267,99
INS00020268,99
INS00020269,99
INS00020270,99
INS00020271,99
INS00020272,99
INS00020273,99
INS00020274,99
INS00020275,99
INS00020276,99
INS00020277,99
INS00020278,99
INS00020279,99
INS00020280,99
INS00020281,99
INS00020282,99
INS00020283,99
INS00020284,99
INS00020285,99
INS00020286,99
INS00020287,99
INS00020288,99
INS00020289,99
INS00020290,99
INS00020291,99
INS00020292,99
INS00020293,99
INS00020294,99
INS00020295,99
INS00020296,99
INS00020297,99
INS00020298,99
INS00020299,99
INS00020300,99
INS00020301,99
INS00020302,99
INS00020303,99
INS00020304,99
INS00020305,99
INS00020306,99
INS00020307,99
INS00020308,99
INS00020309,99
INS00020310,99
INS00020311,99
INS00020312,99
INS00020313,99
INS00020314,99
INS00020315,99
INS00020316,99
INS00020317,99
INS00020318,99
INS00020319,99
INS00020320,99
INS00020321,99
INS00020322,99
INS00020323,99
INS00020324,99
INS00020325,99
INS00020326,99
INS00020327,99
INS00020328,99
INS00020329,99
INS00020330,99
INS00020331,99
INS00020332,99
INS00020333,99
INS00020334,99
INS00020335,99
INS00020336,99
INS00020337,99
INS00020338,99
INS00020339,99
INS00020340,99
INS00020341,99
INS00020342,99
INS00020343,99
INS00020344,99
INS00020345,99
INS00020346,99
INS00020347,99
INS00020348,99
INS00020349,99
INS00020350,99
INS00020351,99
INS00020352,99
INS00020353,99
INS00020354,99
INS00020355,99
INS00020356,99
INS00020357,99
INS00020358,99
INS00020359,99
INS00020360,99
INS00020361,99
INS00020362,99
INS00020363,99
INS00020364,99
INS00020365,99
INS00020366,99
INS00020367,99
INS00020368,99
INS00020369,99
INS00020370,99
INS00020371,99
INS00020372,99
INS00020373,99
INS00020374,99
INS00020375,99
INS00020376,99
INS00020377,99
INS00020378,99
INS00020379,99
INS00020380,99
INS00020381,99
INS00020382,99
INS00020383,99
INS00020384,99
INS00020385,99
INS00020386,99
INS00020387,99
INS00020388,99
INS00020389,99
INS00020390,99
INS00020391,99
INS00020392,99
INS00020393,99
INS00020394,99
INS00020395,99
INS00020396,99
INS00020397,99
INS00020398,99
INS00020399,99
INS00020400,99
INS00020401,99
INS00020402,99
INS00020403,99
INS00020404,99
INS00020405,99
INS00020406,99
INS00020407,99
INS00020408,99
INS00020409,99
INS00020410,99
INS00020411,99
INS00020412,99
INS00020413,99
INS00020414,99
INS00020415,99
INS00020416,99
INS00020417,99
INS00020418,99
INS00020419,99
INS00020420,99
INS00020421,99
INS00020422,99
INS00020423,99
INS00020424,99
INS00020425,99
INS00020426,99
INS00020427,99
INS00020428,99
INS00020429,99
INS00020430,99
INS00020431,99
INS00020432,99
INS00020433,99
INS00020434,99
INS00020435,99
INS00020436,99
INS00020437,99
INS00020438,99
INS00020439,99
INS00020440,99
INS00020441,99
INS00020442,99
INS00020443,99
INS00020444,99
INS00020445,99
INS00020446,99
INS00020447,99
INS00020448,99
INS00020449,99
INS00020450,99
INS00020451,99
INS00020452,99
INS00020453,99
INS00020454,99
INS00020455,99
INS00020456,99
INS00020457,99
INS00020458,99
INS00020459,99
INS00020460,99
INS00020461,99
INS00020462,99
INS00020463,99
INS00020464,99
INS00020465,99
INS00020466,99
INS00020467,99
INS00020468,99
INS00020469,99
INS00020470,99
INS00020471,99
INS00020472,99
INS00020473,99
INS00020474,99
INS00020475,99
INS00020476,99
INS00020477,99
INS00020478,99
INS00020479,99
INS00020480,99
INS00020481,99
INS00020482,99
INS00020483,99
INS00020484,99
INS00020485,99
INS00020486,99
INS00020487,99
INS00020488,99
INS00020489,99
INS00020490,99
INS00020491,99
INS00020492,99
INS00020493,99
INS00020494,99
INS00020495,99
INS00020496,99
INS00020497,99
INS00020498,99
INS00020499,99
INS00020500,99
INS00020501,99
INS00020502,99
INS00020503,99
INS00020504,99
INS00020505,99
INS00020506,99
INS00020507,99
INS00020508,99
INS00020509,99
INS00020510,99
INS00020511,99
INS00020512,99
INS00020513,99
INS00020514,99
INS00020515,99
INS00020516,99
INS00020517,99
INS00020518,99
INS00020519,99
INS00020520,99
INS00020521,99
INS00020522,99
INS00020523,99
INS00020524,99
INS00020525,99
INS00020526,99
INS00020527,99
INS00020528,99
INS00020529,99
INS00020530,99
INS00020531,99
INS00020532,99
INS00020533,99
INS00020534,99
INS00020535,99
INS00020536,47
INS00020537,47
INS00020538,47
INS00020539,47
INS00020540,47
INS00020541,47
INS00020542,47
INS00020543,47
INS00020544,47
INS00020545,47
INS00020546,47
INS00020547,47
INS00020548,47
INS00020549,47
INS00020550,47
INS00020551,47
INS00020552,47
INS00020553,47
INS00020554,47
INS00020555,47
INS00020556,47
INS00020557,47
INS00020558,47
INS00020559,47
INS00020560,47
INS00020561,47
INS00020562,47
INS00020563,47
INS00020564,47
INS00020565,47
INS00020566,47
INS00020567,47
INS00020568,47
INS00020569,47
INS00020570,47
INS00020571,47
INS00020572,47
INS00020573,47
INS00020574,47
INS00020575,47
INS00020576,47
INS00020577,47
INS00020578,47
INS00020579,47
INS00020580,47
INS00020581,47
INS00020582,47
INS00020583,47
INS00020584,47
INS00020585,47
INS00020586,47
INS00020587,47
INS00020588,47
INS00020589,47
INS00020590,47
INS00020591,47
INS00020592,47
INS00020593,47
INS00020594,47
INS00020595,59
INS00020596,47
INS00020597,47
INS00020598,47
INS00020599,47
INS00020600,47
INS00020601,47
INS00020602,47
INS00020603,47
INS00020604,99
INS00020605,99
INS00020606,99
INS00020607,99
INS00020608,47
INS00020609,47
INS00020610,47
INS00020611,47
INS00020612,47
INS00020613,47
INS00020614,47
INS00020615,47
INS00020616,47
INS00020617,47
INS00020618,47
INS00020619,47
INS00020620,47
INS00020621,47
INS00020622,47
INS00020623,47
INS00020624,47
INS00020625,47
INS00020626,47
INS00020627,47
INS00020628,47
INS00020629,47
INS00020630,47
INS00020631,47
INS00020632,47
INS00020633,47
INS00020634,47
INS00020635,47
INS00020636,47
INS00020637,47
INS00020638,47
INS00020639,47
INS00020640,47
INS00020641,47
INS00020642,47
INS00020643,47
INS00020644,47
INS00020645,47
INS00020646,47
INS00020647,47
INS00020648,47
INS00020649,47
INS00020650,47
INS00020651,47
INS00020652,47
INS00020653,47
INS00020654,47
INS00020655,47
INS00020656,47
INS00020657,47
INS00020658,47
INS00020659,47
INS00020660,47
INS00020661,47
INS00020662,47
INS00020663,47
INS00020664,47
INS00020665,47
INS00020666,47
INS00020667,47
INS00020668,47
INS00020669,47
INS00020670,47
INS00020671,47
INS00020672,47
INS00020673,47
INS00020674,47
INS00020675,47
INS00020676,47
INS00020677,47
INS00020678,47
INS00020679,47
INS00020680,47
INS00020681,47
INS00020682,47
INS00020683,47
INS00020684,47
INS00020685,47
INS00020686,47
INS00020687,47
INS00020688,47
INS00020689,47
INS00020690,47
INS00020691,47
INS00020692,47
INS00020693,47
INS00020694,47
INS00020695,47
INS00020696,47
INS00020697,47
INS00020698,47
INS00020699,47
INS00020700,47
INS00020701,47
INS00020702,47
INS00020703,47
INS00020704,47
INS00020705,47
INS00020706,47
INS00020707,47
INS00020708,47
INS00020709,47
INS00020710,47
INS00020711,47
INS00020712,47
INS00020713,47
INS00020714,47
INS00020715,47
INS00020716,47
INS00020717,47
INS00020718,47
INS00020719,47
INS00020720,47
INS00020721,47
INS00020722,47
INS00020723,47
INS00020724,47
INS00020725,47
INS00020726,47
INS00020727,47
INS00020728,47
INS00020729,47
INS00020730,47
INS00020731,47
INS00020732,47
INS00020733,47
INS00020734,47
INS00020735,47
INS00020736,47
INS00020737,47
INS00020738,47
INS00020739,47
INS00020740,47
INS00020741,47
INS00020742,47
INS00020743,47
INS00020744,47
INS00020745,47
INS00020746,47
INS00020747,47
INS00020748,47
INS00020749,47
INS00020750,47
INS00020751,47
INS00020752,47
INS00020753,47
INS00020754,47
INS00020755,47
INS00020756,47
INS00020757,47
INS00020758,47
INS00020759,47
INS00020760,47
INS00020761,47
INS00020762,47
INS00020763,47
INS00020764,47
INS00020765,47
INS00020766,47
INS00020767,47
INS00020768,47
INS00020769,47
INS00020770,47
INS00020771,47
INS00020772,47
INS00020773,47
INS00020774,47
INS00020775,47
INS00020776,47
INS00020777,47
INS00020778,47
INS00020779,47
INS00020780,47
INS00020781,47
INS00020782,47
INS00020783,47
INS00020784,47
INS00020785,47
INS00020786,47
INS00020787,47
INS00020788,47
INS00020789,47
INS00020790,47
INS00020791,47
INS00020792,47
INS00020793,47
INS00020794,47
INS00020795,47
INS00020796,47
INS00020797,47
INS00020798,47
INS00020799,47
INS00020800,47
INS00020801,47
INS00020802,47
INS00020803,47
INS00020804,47
INS00020805,47
INS00020806,47
INS00020807,47
INS00020808,47
INS00020809,47
INS00020810,47
INS00020811,47
INS00020812,47
INS00020813,47
INS00020814,47
INS00020815,47
INS00020816,47
INS00020817,47
INS00020818,47
INS00020819,47
INS00020820,47
INS00020821,47
INS00020822,47
INS00020823,47
INS00020824,47
INS00020825,47
INS00020826,47
INS00020827,47
INS00020828,47
INS00020829,47
INS00020830,47
INS00020831,47
INS00020832,47
INS00020833,47
INS00020834,47
INS00020835,47
INS00020836,47
INS00020837,47
INS00020838,47
INS00020839,47
INS00020840,47
INS00020841,47
INS00020842,47
INS00020843,47
INS00020844,47
INS00020845,47
INS00020846,47
INS00020847,47
INS00020848,47
INS00020849,47
INS00020850,47
INS00020851,47
INS00020852,47
INS00020853,47
INS00020854,47
INS00020855,47
INS00020856,47
INS00020857,47
INS00020858,47
INS00020859,47
INS00020860,47
INS00020861,47
INS00020862,47
INS00020863,47
INS00020864,47
INS00020865,47
INS00020866,47
INS00020867,47
INS00020868,47
INS00020869,47
INS00020870,47
INS00020871,47
INS00020872,47
INS00020873,47
INS00020874,47
INS00020875,47
INS00020876,47
INS00020877,47
INS00020878,47
INS00020879,47
INS00020880,47
INS00020881,47
INS00020882,47
INS00020883,47
INS00020884,47
INS00020885,47
INS00020886,47
INS00020887,47
INS00020888,47
INS00020889,47
INS00020890,47
INS00020891,47
INS00020892,47
INS00020893,47
INS00020894,47
INS00020895,47
INS00020896,47
INS00020897,47
INS00020898,47
INS00020899,47
INS00020900,47
INS00020901,47
INS00020902,99
INS00020903,99
INS00020904,99
INS00020905,99
INS00020906,47
INS00020907,47
INS00020908,47
INS00020909,47
INS00020910,47
INS00020911,47
INS00020912,47
INS00020913,47
INS00020914,47
INS00020915,47
INS00020916,47
INS00020917,47
INS00020918,47
INS00020919,47
INS00020920,47
INS00020921,47
INS00020922,47
INS00020923,47
INS00020924,47
INS00020925,47
INS00020926,47
INS00020927,47
INS00020928,47
INS00020929,47
INS00020930,47
INS00020931,47
INS00020932,47
INS00020933,47
INS00020934,47
INS00020935,47
INS00020936,47
INS00020937,47
INS00020938,47
INS00020939,47
INS00020940,47
INS00020941,47
INS00020942,47
INS00020943,47
INS00020944,47
INS00020945,47
INS00020946,47
INS00020947,47
INS00020948,47
INS00020949,47
INS00020950,47
INS00020951,47
INS00020952,47
INS00020953,47
INS00020954,47
INS00020955,47
INS00020956,47
INS00020957,47
INS00020958,47
INS00020959,47
INS00020960,47
INS00020961,47
INS00020962,47
INS00020963,47
INS00020964,47
INS00020965,47
INS00020966,47
INS00020967,47
INS00020968,47
INS00020969,47
INS00020970,47
INS00020971,47
INS00020972,47
INS00020973,47
INS00020974,47
INS00020975,47
INS00020976,47
INS00020977,47
INS00020978,47
INS00020979,47
INS00020980,47
INS00020981,47
INS00020982,47
INS00020983,47
INS00020984,47
INS00020985,47
INS00020986,47
INS00020987,47
INS00020988,47
INS00020989,47
INS00020990,47
INS00020991,47
INS00020992,47
INS00020993,17
INS00020994,17
INS00020995,17
INS00020996,17
INS00020997,17
INS00020998,17
INS00020999,17
INS00021000,17
INS00021001,17
INS00021002,17
INS00021003,17
INS00021004,17
INS00021005,17
INS00021006,17
INS00021007,17
INS00021008,17
INS00021009,17
INS00021010,17
INS00021011,17
INS00021012,17
INS00021013,17
INS00021014,17
INS00021015,17
INS00021016,17
INS00021017,17
INS00021018,17
INS00021019,17
INS00021020,17
INS00021021,17
INS00021022,17
INS00021023,17
INS00021024,17
INS00021025,17
INS00021026,17
INS00021027,47
INS00021028,47
INS00021029,47
INS00021030,47
INS00021031,47
INS00021032,47
INS00021033,47
INS00021034,47
INS00021035,47
INS00021036,47
INS00021037,47
INS00021038,47
INS00021039,47
INS00021040,47
INS00021041,47
INS00021042,47
INS00021043,47
INS00021044,47
INS00021045,47
INS00021046,47
INS00021047,47
INS00021048,47
INS00021049,47
INS00021050,47
INS00021051,47
INS00021052,47
INS00021053,47
INS00021054,47
INS00021055,47
INS00021056,47
INS00021057,47
INS00021058,47
INS00021059,47
INS00021060,47
INS00021061,47
INS00021062,47
INS00021063,47
INS00021064,47
INS00021065,47
INS00021066,47
INS00021067,47
INS00021068,47
INS00021069,47
INS00021070,47
INS00021071,47
INS00021072,47
INS00021073,47
INS00021074,47
INS00021075,47
INS00021076,47
INS00021077,47
INS00021078,47
INS00021079,47
INS00021080,47
INS00021081,47
INS00021082,47
INS00021083,47
INS00021084,47
INS00021085,47
INS00021086,47
INS00021087,47
INS00021088,47
INS00021089,47
INS00021090,47
INS00021091,47
INS00021092,47
INS00021093,47
INS00021094,47
INS00021095,47
INS00021096,47
INS00021097,47
INS00021098,47
INS00021099,47
INS00021100,47
INS00021101,47
INS00021102,47
INS00021103,47
INS00021104,47
INS00021105,47
INS00021106,47
INS00021107,99
INS00021108,99
INS00021109,99
INS00021110,66
INS00021111,59
INS00021112,59
INS00021113,59
INS00021114,59
INS00021115,59
INS00021116,59
INS00021117,59
INS00021118,59
INS00021119,59
INS00021120,59
INS00021121,59
INS00021122,59
INS00021123,59
INS00021124,59
INS00021125,59
INS00021126,59
INS00021127,59
INS00021128,59
INS00021129,59
INS00021130,59
INS00021131,59
INS00021132,59
INS00021133,59
INS00021134,59
INS00021135,39
INS00021136,39
INS00021137,39
INS00021138,39
INS00021139,39
INS00021140,39
INS00021141,39
INS00021142,39
INS00021143,39
INS00021144,39
INS00021145,39
INS00021146,39
INS00021147,39
INS00021148,39
INS00021149,39
INS00021150,39
INS00021151,39
INS00021152,39
INS00021153,39
INS00021154,39
INS00021155,39
INS00021156,39
INS00021157,47
INS00021158,47
INS00021159,47
INS00021160,47
INS00021161,47
INS00021162,47
INS00021163,47
INS00021164,47
INS00021165,47
INS00021166,47
INS00021167,47
INS00021168,47
INS00021169,47
INS00021170,47
INS00021171,47
INS00021172,47
INS00021173,47
INS00021174,47
INS00021175,47
INS00021176,47
INS00021177,47
INS00021178,47
INS00021179,47
INS00021180,47
INS00021181,47
INS00021182,47
INS00021183,47
INS00021184,47
INS00021185,47
INS00021186,47
INS00021187,47
INS00021188,47
INS00021189,47
INS00021190,47
INS00021191,47
INS00021192,47
INS00021193,47
INS00021194,47
INS00021195,47
INS00021196,47
INS00021197,47
INS00021198,47
INS00021199,47
INS00021200,47
INS00021201,47
INS00021202,47
INS00021203,47
INS00021204,47
INS00021205,47
INS00021206,47
INS00021207,47
INS00021208,47
INS00021209,47
INS00021210,47
INS00021211,47
INS00021212,47
INS00021213,47
INS00021214,47
INS00021215,47
INS00021216,47
INS00021217,47
INS00021218,47
INS00021219,47
INS00021220,47
INS00021221,47
INS00021222,47
INS00021223,47
INS00021224,47
INS00021225,47
INS00021226,47
INS00021227,47
INS00021228,47
INS00021229,47
INS00021230,47
INS00021231,47
INS00021232,47
INS00021233,47
INS00021234,47
INS00021235,47
INS00021236,47
INS00021237,47
INS00021238,47
INS00021239,47
INS00021240,47
INS00021241,47
INS00021242,47
INS00021243,47
INS00021244,47
INS00021245,47
INS00021246,47
INS00021247,47
INS00021248,47
INS00021249,99
INS00021250,21
INS00021251,21
INS00021252,47
INS00021253,47
INS00021254,47
INS00021255,47
INS00021256,47
INS00021257,47
INS00021258,47
INS00021259,47
INS00021260,47
INS00021261,47
INS00021262,47
INS00021263,47
INS00021264,47
INS00021265,36
INS00021266,92
INS00021267,45
INS00021268,45
INS00021269,39
INS00021270,39
INS00021271,17
INS00021272,73
INS00021273,73
INS00021274,73
INS00021275,73
INS00021276,73
INS00021277,58
INS00021278,58
INS00021279,73
INS00021280,36
INS00021281,80
INS00021282,80
INS00021283,80
INS00021284,23
INS00021285,23
INS00021286,23
INS00021287,49
INS00021288,73
INS00021289,73
INS00021290,73
INS00021291,73
INS00021292,73
INS00021293,73
INS00021294,73
INS00021295,73
INS00021296,73
INS00021297,73
INS00021298,73
INS00021299,73
INS00021300,73
INS00021301,73
INS00021302,100
INS00021303,102
INS00021304,93
INS00021305,53
INS00021306,93
INS00021307,93
INS00021308,93
INS00021309,73
INS00021310,53
INS00021311,35
INS00021312,35
INS00021313,35
INS00021314,35
INS00021315,35
INS00021316,35
INS00021317,35
INS00021318,35
INS00021319,35
INS00021320,7
INS00021321,36
INS00021322,79
INS00021323,79
INS00021324,79
INS00021325,79
INS00021326,79
INS00021327,79
INS00021328,79
INS00021329,79
INS00021330,79
INS00021331,79
INS00021332,79
INS00021333,79
INS00021334,79
INS00021335,79
INS00021336,79
INS00021337,79
INS00021338,79
INS00021339,79
INS00021340,79
INS00021341,41
INS00021342,36
INS00021343,79
INS00021344,79
INS00021345,74
INS00021346,74
INS00021347,74
INS00021348,74
INS00021349,74
INS00021350,74
INS00021351,74
INS00021352,74
INS00021353,36
INS00021354,36
INS00021355,36
INS00021356,36
INS00021357,36
INS00021358,36
INS00021359,36
INS00021360,36
INS00021361,36
INS00021362,36
INS00021363,36
INS00021364,36
INS00021365,36
INS00021366,36
INS00021367,36
INS00021368,36
INS00021369,26
INS00021370,26
INS00021371,26
INS00021372,26
INS00021373,26
INS00021374,47
INS00021375,47
INS00021376,47
INS00021377,47
INS00021378,47
INS00021379,47
INS00021380,47
INS00021381,47
INS00021382,47
INS00021383,47
INS00021384,47
INS00021385,47
INS00021386,47
INS00021387,47
INS00021388,47
INS00021389,47
INS00021390,47
INS00021391,47
INS00021392,47
INS00021393,47
INS00021394,47
INS00021395,47
INS00021396,47
INS00021397,47
INS00021398,47
INS00021399,47
INS00021400,47
INS00021401,47
INS00021402,47
INS00021403,47
INS00021404,47
INS00021405,47
INS00021406,47
INS00021407,47
INS00021408,47
INS00021409,47
INS00021410,47
INS00021411,47
INS00021412,47
INS00021413,47
INS00021414,47
INS00021415,47
INS00021416,47
INS00021417,47
INS00021418,47
INS00021419,47
INS00021420,47
INS00021421,47
INS00021422,47
INS00021423,47
INS00021424,38
INS00021425,38
INS00021426,38
INS00021427,38
INS00021428,59
INS00021429,73
INS00021430,46
INS00021431,46
INS00021432,20
INS00021433,20
INS00021434,39
INS00021435,39
INS00021436,39
INS00021437,39
INS00021438,39
INS00021439,39
INS00021440,35
INS00021441,35
INS00021442,35
INS00021443,93
INS00021444,93
INS00021445,93
INS00021446,59
INS00021447,59
INS00021448,59
INS00021449,59
INS00021450,59
INS00021451,59
INS00021452,59
INS00021453,59
INS00021454,59
INS00021455,59
INS00021456,59
INS00021457,59
INS00021458,59
INS00021459,102
INS00021460,102
INS00021461,102
INS00021462,102
INS00021463,47
INS00021464,41
INS00021465,41
INS00021466,49
INS00021467,86
INS00021468,58
INS00021469,58
INS00021470,58
INS00021471,58
INS00021472,58
INS00021473,58
INS00021474,58
INS00021475,58
INS00021476,59
INS00021477,86
INS00021478,49
INS00021479,49
INS00021480,49
INS00021481,49
INS00021482,38
INS00021483,38
INS00021484,38
INS00021485,38
INS00021486,38
INS00021487,44
INS00021488,44
INS00021489,44
INS00021490,35
INS00021491,35
INS00021492,35
INS00021493,35
INS00021494,39
INS00021495,39
INS00021496,93
INS00021497,93
INS00021498,93
INS00021499,93
INS00021500,93
INS00021501,93
INS00021502,93
INS00021503,93
INS00021504,93
INS00021505,93
INS00021506,93
INS00021507,93
INS00021508,93
INS00021509,93
INS00021510,93
INS00021511,93
INS00021512,93
INS00021513,93
INS00021514,93
INS00021515,93
INS00021516,93
INS00021517,46
INS00021518,46
INS00021519,46
INS00021520,46
INS00021521,46
INS00021522,46
INS00021523,52
INS00021524,52
INS00021525,52
INS00021526,52
INS00021527,52
INS00021528,52
INS00021529,52
INS00021530,52
INS00021531,52
INS00021532,52
INS00021533,52
INS00021534,52
INS00021535,52
INS00021536,52
INS00021537,52
INS00021538,52
INS00021539,52
INS00021540,52
INS00021541,52
INS00021542,52
INS00021543,52
INS00021544,52
INS00021545,52
INS00021546,52
INS00021547,52
INS00021548,52
INS00021549,52
INS00021550,52
INS00021551,19
INS00021552,73
INS00021553,73
INS00021554,73
INS00021555,73
INS00021556,73
INS00021557,73
INS00021558,39
INS00021559,39
INS00021560,73
INS00021561,73
INS00021562,73
INS00021563,73
INS00021564,73
INS00021565,73
INS00021566,39
INS00021567,39
INS00021568,73
INS00021569,73
INS00021570,73
INS00021571,73
INS00021572,39
INS00021573,39
INS00021574,73
INS00021575,73
INS00021576,73
INS00021577,39
INS00021578,73
INS00021579,73
INS00021580,73
INS00021581,53
